Regime_Type,Regime,Lower_Tail_Dependence,Upper_Tail_Dependence,Correlation
SPY,Regime_1,0.1841269841269841,0.14206349206349206,0.13010803847419644
SPY,Regime_2,0.27755102040816326,0.22176870748299318,0.2757348670419221
SPY,Regime_3,0.2866666666666667,0.2533333333333333,0.28675650090373545
VIX,High_Vol,0.30114942528735633,0.17701149425287357,0.23668157527001732
VIX,Low_Vol,0.13333333333333333,0.14444444444444443,0.11930774317841308
VIX,Medium_Vol,0.1450980392156863,0.1458823529411765,0.1741534673747286
