,CAGR,Ann. Vol,Sharpe,Sortino,Max DD,CVaR (5%)
Trad MVO,0.17871517178934782,0.0869678637884786,1.934668155628524,2.709640387886144,-0.04688316724495343,-0.012137542304758282
Crypto MVO,-0.3904985029656106,1.4401328318038318,0.502503295709438,0.5684362484128199,-0.9318093905787981,-0.22947398352800336
Trad RP,0.08918007949215001,0.06152180352090145,1.4194678244598153,2.228350200132279,-0.052030877614261804,-0.008138014854483285
Crypto RP,0.9750752497558439,0.5045964104443093,1.602082891151821,2.412197128545416,-0.38075916693952794,-0.06764904273896061
Trad CVaR,0.08251511640596898,0.056287679466257824,1.4369153484388157,2.244118479158801,-0.049231198409538816,-0.007519540552282977
Crypto CVaR,1.2602132653368012,0.4672961609162442,1.979976248218752,3.080707900300335,-0.2735624440757125,-0.06118935504082734
