,CAGR,Ann. Vol,Sharpe,Sortino,Max DD,CVaR (5%)
Trad CVaR,0.08251511640596898,0.056287679466257824,1.4369153484388157,2.244118479158801,-0.049231198409538816,-0.007519540552282977
Crypto CVaR,1.2602132653368012,0.4672961609162442,1.979976248218752,3.080707900300335,-0.2735624440757125,-0.06118935504082734
