,Mean Return,Ann. Vol,Sharpe,Sortino,Max DD,CVaR (5%)
Trad MVO,0.18886259564100352,0.05023942177432886,3.7592509820148408,6.027403681676151,-0.03399999401267532,-0.005932850423783559
Crypto MVO,0.8337941984439146,1.6506375266519167,0.5051346434217737,0.6014580065245996,-0.9287567486472229,-0.2533713388305807
