,CAGR,Ann. Vol,Sharpe,Sortino,Max DD,CVaR (5%)
Trad MVO,0.17871517178934782,0.0869678637884786,1.934668155628524,2.709640387886144,-0.04688316724495343,-0.012137542304758282
Crypto MVO,-0.3904985029656106,1.4401328318038318,0.502503295709438,0.5684362484128199,-0.9318093905787981,-0.22947398352800336
