,CAGR,Ann. Vol,Sharpe,Sortino,Max DD,CVaR (5%)
Trad RP,0.08918007949215001,0.06152180352090145,1.4194678244598153,2.228350200132279,-0.052030877614261804,-0.008138014854483285
Crypto RP,0.9750752497558439,0.5045964104443093,1.602082891151821,2.412197128545416,-0.38075916693952794,-0.06764904273896061
