Series,alpha_ann,beta_mkt,beta_smb,beta_hml,R2,t_alpha,t_mkt,t_smb,t_hml
Equity_100,-0.01741700110472923,0.9882947074796327,-0.12370369278935431,0.020729251931206606,0.9968846755841783,-4.878065156690001,490.22631465131025,-39.39790852473665,7.579881487188139
70_30_Equity_AGG,-0.0140767636544912,0.6900088502100432,-0.06022245425195892,-0.00278776007233901,0.9792842906824718,-2.2050559475924354,143.52177551521996,-6.9152103534344445,-0.6018462232613639
60_40_Equity_AGG,-0.012981770489010695,0.5925398802012672,-0.04049221558970549,-0.010143725954846798,0.9572674827053107,-1.630888053515477,95.57626751332208,-3.5913221613745034,-1.7379367894474425
60_30_10_Equity_AGG_REIT,-0.017730897236508215,0.6727246952343646,-0.035785539879621686,0.019579708380674726,0.9568702891464591,-1.8268126527997606,92.27478820934991,-3.902223655369956,2.701152081588546
Diversified_40_30_10_10_10,-0.001501298898782815,0.5126454329639717,-0.006519699262288405,0.031910894165642675,0.8657407048888819,-0.11001642650137985,58.85924795066079,-0.5449255850649377,3.603758062145796
PutWrite_100,-0.02996401845344589,0.6395746840490917,-0.15949785950069972,0.02935660464544343,0.8022731329768067,-1.4482369175727812,12.083735152555333,-5.413136424977337,1.1793927557807236
AllWeather_like,-0.0034608256568177597,0.38097343694932023,0.046634782918762885,-0.02535787259109842,0.5940605984570191,-0.16435103593412148,33.095675782983385,2.2754926582710264,-2.0697397910237885
Treasury_Barbell_IEF_TLT,-0.0008398921420371268,-0.11540770605082962,0.11651665658841515,-0.17324374677935894,0.09214807993347474,-0.025371415128478132,-5.452958953654322,3.3443779831327207,-9.284324642019842
