Series,CAGR,AnnVol,Sharpe,Sortino,MaxDD,Calmar,WinRate,Skew,Kurt
Diversified_40_30_10_10_10,0.09440983291229799,0.11371813975625164,0.640621857730219,0.88148317274666,-0.2238819216682194,0.4216947585978296,0.566020730058585,-0.6970049064519497,15.98432376283345
Equity_100,0.13359456196754782,0.18716923618550554,0.6367549847962618,0.8888760508113612,-0.3392496000265328,0.39379430943205046,0.5497972059486255,-0.376091348608166,15.514162068220992
70_30_Equity_AGG,0.10797854888630187,0.14438382788532456,0.61750099296945,0.8587528064245324,-0.2587345945744185,0.4173332486284302,0.5506985128436233,-0.39245245226249414,13.629124666441504
60_40_Equity_AGG,0.09830231007754864,0.12930704661052503,0.6055393705852388,0.8409199544259307,-0.22912341203153597,0.4290365144528249,0.5534024335286165,-0.40296430406897277,13.394887046482202
60_30_10_Equity_AGG_REIT,0.10007149128017523,0.14177187451475848,0.5756724180070645,0.7965582746092794,-0.26521079150887017,0.37732812722603054,0.5511491662911221,-0.5162238360811001,15.052115158618156
AllWeather_like,0.076546199543023,0.10078551518513211,0.5453890393001094,0.7532773592732558,-0.22946604013360106,0.333584000048355,0.5592609283461019,-0.4075033619901719,9.82276678158492
PutWrite_100,0.07783595544875976,0.13354376249627412,0.4498339410690687,0.5944092379020639,-0.28925644405244466,0.26908978883335594,0.6665164488508337,-1.4559636213563472,46.21909147109961
Treasury_Barbell_IEF_TLT,0.004374604291092599,0.1092002280937261,-0.12518389120747456,-0.17710958949535105,-0.37443228523147754,0.011683298859734218,0.5150968904912122,0.15402146178971218,4.730514991889189
