Series,CAGR,AnnVol,Sharpe,Sortino,MaxDD,Calmar,WinRate,Skew,Kurt
Equity_100,0.1335945619675485,0.18716923618550557,0.6367549847962629,0.8888760508113622,-0.3392496000265327,0.39379430943205257,0.5497972059486255,-0.3760913486081677,15.514162068220992
Diversified_40_30_10_10_10,0.08898212898685376,0.10528638814446936,0.6357991154792705,0.8717630152202891,-0.21692078417550487,0.41020563946910993,0.5682739972960793,-0.8468629341508798,17.058156129891582
70_30_Equity_AGG,0.1010101815643687,0.13259531135456337,0.612388995879901,0.8506593448405391,-0.24755544788525607,0.40803053387533494,0.5506985128436233,-0.4715530831956319,14.69818569709321
60_40_Equity_AGG,0.08978291291721607,0.11553370706883793,0.5955773277320479,0.8254220121254494,-0.21586696951899387,0.4159177900967206,0.5525011266336187,-0.5218212266776184,14.89800265169186
60_30_10_Equity_AGG_REIT,0.09300783642464028,0.13097666837378927,0.5625731248123772,0.7771319415603819,-0.25527541784187446,0.36434309739237103,0.5506985128436233,-0.6102868056859234,16.41538359692053
AllWeather_like,0.06922519863109211,0.09729366376382612,0.4911036677607569,0.6761316243118166,-0.2297350237509519,0.30132627363834974,0.5547543938711131,-0.5052660151082887,8.738677904911674
PutWrite_100,0.07783595544876154,0.13354376249627414,0.44983394106906865,0.5944092379020645,-0.28925644405244433,0.2690897888333624,0.6665164488508337,-1.4559636213563425,46.219091471099475
Treasury_Barbell_IEF_TLT,0.004817600072222428,0.1084649601720035,-0.12269589676361346,-0.17356008037962964,-0.37100139873918825,0.012985395981240414,0.5141955835962145,0.14712986420386825,4.2752770206612105
